http://free-documentaries.42web.io,"below sea level documentary watch online,beneath the black documentary watch online,beyond belief documentary watch online,beyond all boundaries documentary watch online free,watch documentary online for free,documentary free online,documentary films online,documentary streaming online,documentary films online free,upside down documentary watch online,down to earth documentary watch online,don't look down documentary watch online,leaving neverland documentary watch online for free,game of thrones documentary watch online for free,for sama documentary watch online,for sama documentary watch online free,watch heal documentary online for free,watch neverland documentary online for free,watch weiner documentary online for free,documentary watch online free,honeyland documentary watch online free,heal documentary watch online free,rams documentary watch online free,documentary now watch online free,tomorrow documentary watch online free,amy documentary watch online free,untouchable documentary watch online free,inside job documentary watch online,inside job documentary watch online free,inside dior documentary watch online,"
http://free-documentaries.42web.io,"alive inside documentary watch online free,inside man documentary watch online,inside vogue documentary watch online,alive inside documentary watch online stream,inside the mossad documentary watch online free,into eternity documentary watch online,into the deep documentary watch online,blood into wine documentary watch online,into the abyss documentary watch online,homme less documentary watch online,game of thrones documentary watch online,off the rails documentary watch online,off the wall documentary watch online,life off grid documentary watch online,off the tracks documentary watch online,off the rez documentary watch online,odd one out documentary watch online,odd one out documentary watch online free,over the limit documentary watch online free,7 plus seven documentary watch online,pre-crime documentary watch online,more than honey documentary watch online english subtitles,more than honey documentary watch online,up documentary watch online,35 up documentary watch online,42 up documentary watch online,fed up documentary watch online,7 up documentary watch online,49 up documentary watch online,63 up documentary watch online free,"
http://free-documentaries.42web.io,"63 up documentary watch online,documentaries about documentaries,playing with fire documentary watch online,playing with fire documentary watch online free,without charity documentary watch online,lives worth living documentary watch online,watch online about is love,watch online about cherry (2012) movie,watch online on tata sky,watch online on tv,watch on online,watch online above majestic,watch online above suspicion,watch online above the shadows,watch online above the rim,watch online above the law,watch online 3 meters above the sky,watch online three meters above the sky,watch gift from above online,watch online across the universe,watch online race across the world,watch online mengfei comes across,watch mengfei comes across online free,watch online after we collided,watch online after movie,watch online after 2,watch online after movie free,watch online after 2 movie,watch online after 2 full movie,watch online after life season 2,"
http://free-documentaries.42web.io,"watch online against the sun,watch online against the sun full movie,watch online the case against adnan syed,watch online around the world in 80 days,watch online jingle around the clock,watch dating around online free,watch once around online free,watch dating around online,watch horsin around online,watch stickin around online,watch once around online,watch online as good as it gets,watch online as the gods will,watch online with friends,watch online.in,watch online with spectrum,watch online with xfinity,watch online in the house,watch online with directv,watch online at the same time,watch online at the threshold of an era,watch online the office,watch online the lion king,watch online the mandalorian,watch online the sky is pink,watch online the hustle,watch online before sunrise,watch online before the 90 days,watch online before sunset,watch online before midnight,"
http://free-documentaries.42web.io,"watch online before we go,watch online before sunrise free,watch online before sunset free,watch online behind enemy lines,watch online behind enemy lines 2001,watch online behind your smile,watch online behind the enemy lines in hindi,watch free online behind enemy lines,watch online movie behind the enemy lines,watch left behind online free,watch left behind online,watch online below deck mediterranean,watch online below her mouth movie,watch online below deck,watch online below deck season 3,watch online below deck mediterranean season 4,watch online below deck season 6,watch online below deck season 7,watch online below deck med,watch beneath online free,watch beneath online,watch online what lies beneath,watch what lies beneath online 123movies,watch what lies beneath online free,watch what lies beneath online 123,watch online between maybes,watch online between me and my mind,watch between online free,watch between online,watch online match between india and australia,"
http://free-documentaries.42web.io,"watch online mountain between us,watch online free between maybes,watch somewhere between online free 123movies,watch online beyond the edge,watch online beyond light years,watch online star trek beyond,star trek beyond watch online,watch star trek beyond online free,watch online but i'm a cheerleader,watch online but always,watch online but always eng sub,watch videos online but not on youtube,watch online nothing but the truth,buy apple watch online,watch online nobody else but you,buy watch online,watch online by link,watch online by,watch online for free movies without downloading,watch online for free keeping up with the kardashians,watch terra circa online,watch online come and see,watch online come dine with me,watch online come undone (2010),watch online come undone,watch online come undone full movie,watch online. com,watch online come undone movie,watch online come back mister,watch online despite the night,"
http://free-documentaries.42web.io,"watch bbc online outside uk,watch bbc3 online outside of uk,itv watch online outside uk,watch dstv online outside south africa,watch oscars online outside us,watch abc online outside us,watch bbc online outside uk free,watch cbeebies online outside uk free,watch online over the garden wall,watch online over the hedge,watch online over the limit,watch online over the top,watch online over the moon in love,watch online mission over mars,watch free online over the hedge,watch online starting over again,watch online the past 2018,watch online the past movie,watch the past online,watch the past online free,watch fatal past online free,watch creators the past online free,watch creators the past online,watch his secret past online free,watch online love per square foot,watch online 5 centimeters per second,watch movies online pay per view,watch football online pay per view,watch films online pay per view,watch boxing online pay per view,"
http://free-documentaries.42web.io,"watch lykke per online free,watch post online,watch post online free,watch online tech post,watch the post online with english subtitles,watch cameron post online free,watch cameron post online,watch ghost adventures online post malone,watch online pro,watch online pro kabaddi live,watch online pro kabaddi 2019,watch online pro movies,watch online pro kabaddi,online watch pro kabaddi on star sports,watch online vivo pro kabaddi,watch semi pro online free,watch online more than blue 2018,watch online more than blue,watch online better than chocolate,watch online stranger than fiction,watch online more than honey,watch videos online other than youtube,watch online through night and day,watch online through the wormhole,watch online from dusk till dawn movie,watch darren till online,watch jester till online,watch online from dusk till dawn the series,watch whittaker vs till online,watch online to kill a mockingbird movie,"
http://free-documentaries.42web.io,"watch online to the beautiful you,watch online to liong to 1986,watch online.to,watch online free tv shows,watch online free movies sites,watch online free tv,watch online free web series,watch online under the dome full movie,watch online under the tuscan sun,watch online under the dome season 3,watch online under the skin,watch online under siege,watch online under the riccione sun,watch online up movie,watch online up in the air,watch online up,watch online up animated movie,watch online up 2009,watch online up close and personal,watch online up in smoke,watch online up in the air movie,watch online once upon a time in hollywood,watch online once upon a time in hollywood free,watch online once upon a time in mumbai,watch online once upon a time in hollywood full movie,watch online once upon a time chinese movie 2017,watch online once upon a time in the west,watch online once upon a christmas miracle,watch online once upon a time in china,watch online upside down magic,"
http://free-documentaries.42web.io,"watch the upside online free reddit,watch the upside online reddit,watch versus online,watch versus online free,watch lola versus online free,watch lola versus online,watch hulk versus online free,watch online via single links,watch online via resumeable single links,watch via online,watch sky sports online via virgin,watch bt sport online via virgin,watch bt sport online via sky,watch mentre ero via online,watch online india vs pakistan live match,watch online india vs australia,watch online ford vs ferrari,watch online india vs australia live match,watch online ind vs aus,watch online ind vs nz live,watch online liverpool vs man united,watch online india vs australia match,watch online with link,watch online with your friends,watch within online free,watch within online,watch online worlds within,watch online just within reach,watch enemy within online free,watch enemy within online,"
